horizon,mode,n_seeds,mse_mean,mse_std,paper_mse,delta_mse,mae_mean,mae_std,paper_mae,delta_mae
24,direct,3,1.57743,0.12406,1.319,0.25843,0.82341,0.04073,0.754,0.06941
24,autoregressive,3,1.57743,0.12406,1.319,0.25843,0.82341,0.04073,0.754,0.06941
36,direct,3,1.5607,0.11337,1.43,0.1307,0.8537,0.02189,0.834,0.0197
36,autoregressive,3,1.64492,0.12901,1.43,0.21492,0.86223,0.05574,0.834,0.02823
48,direct,3,1.71504,0.06739,1.553,0.16204,0.87576,0.0472,0.815,0.06076
48,autoregressive,3,1.80034,0.07417,1.553,0.24734,0.89467,0.02557,0.815,0.07967
60,direct,3,1.9128,0.22098,1.47,0.4428,0.9589,0.06298,0.788,0.1709
60,autoregressive,3,1.70421,0.09148,1.47,0.23421,0.90181,0.03154,0.788,0.11381
